# rule	path	count
doc_macro	services/src/approval/binding.rs	1
find_one	services/src/approval/binding.rs	1
mongodb_bson	services/src/approval/binding.rs	1
doc_macro	services/src/approval/definition.rs	1
find_many	services/src/approval/definition.rs	1
mongodb_bson	services/src/approval/definition.rs	1
doc_macro	services/src/approval/definition_assignees.rs	1
find_many	services/src/approval/definition_assignees.rs	1
mongodb_bson	services/src/approval/definition_assignees.rs	1
doc_macro	services/src/approval/execution/runtime_service.rs	11
find_many	services/src/approval/execution/runtime_service.rs	2
find_one	services/src/approval/execution/runtime_service.rs	9
mongodb_bson	services/src/approval/execution/runtime_service.rs	1
doc_macro	services/src/catalog/product_query.rs	3
find_many	services/src/catalog/product_query.rs	3
mongodb_bson	services/src/catalog/product_query.rs	1
doc_macro	services/src/catalog/product_workflow.rs	3
find_many	services/src/catalog/product_workflow.rs	3
mongodb_bson	services/src/catalog/product_workflow.rs	1
doc_macro	services/src/catalog/sku_edit.rs	1
find_many	services/src/catalog/sku_edit.rs	1
mongodb_bson	services/src/catalog/sku_edit.rs	1
doc_macro	services/src/catalog/voucher.rs	3
find_many	services/src/catalog/voucher.rs	3
mongodb_bson	services/src/catalog/voucher.rs	1
find_one_by_field	services/src/catalog/voucher_defaults.rs	7
doc_macro	services/src/customer/assignment.rs	1
find_many	services/src/customer/assignment.rs	1
mongodb_bson	services/src/customer/assignment.rs	1
doc_macro	services/src/customer/mod.rs	7
find_many	services/src/customer/mod.rs	7
mongodb_bson	services/src/customer/mod.rs	1
doc_macro	services/src/customer/profile.rs	8
find_many	services/src/customer/profile.rs	4
find_many_sorted	services/src/customer/profile.rs	5
mongodb_bson	services/src/customer/profile.rs	2
raw_document	services/src/customer/profile.rs	1
doc_macro	services/src/errors.rs	2
doc_macro	services/src/fulfillment/acceptance_eligibility.rs	5
find_many	services/src/fulfillment/acceptance_eligibility.rs	3
find_many_sorted	services/src/fulfillment/acceptance_eligibility.rs	1
mongodb_bson	services/src/fulfillment/acceptance_eligibility.rs	1
doc_macro	services/src/fulfillment/customer_acceptance_posting.rs	3
find_many	services/src/fulfillment/customer_acceptance_posting.rs	3
mongodb_bson	services/src/fulfillment/customer_acceptance_posting.rs	1
doc_macro	services/src/fulfillment/delivery.rs	1
find_many	services/src/fulfillment/delivery.rs	1
mongodb_bson	services/src/fulfillment/delivery.rs	1
doc_macro	services/src/fulfillment/electronic_delivery.rs	1
find_many	services/src/fulfillment/electronic_delivery.rs	1
mongodb_bson	services/src/fulfillment/electronic_delivery.rs	1
doc_macro	services/src/fulfillment/purchase_context.rs	2
find_many	services/src/fulfillment/purchase_context.rs	2
mongodb_bson	services/src/fulfillment/purchase_context.rs	1
doc_macro	services/src/fulfillment/purchase_receipt_posting.rs	5
find_many	services/src/fulfillment/purchase_receipt_posting.rs	4
find_one	services/src/fulfillment/purchase_receipt_posting.rs	1
mongodb_bson	services/src/fulfillment/purchase_receipt_posting.rs	1
doc_macro	services/src/fulfillment/service_fulfillment.rs	1
find_many	services/src/fulfillment/service_fulfillment.rs	1
mongodb_bson	services/src/fulfillment/service_fulfillment.rs	1
doc_macro	services/src/integration_ops/error_task.rs	1
find_many	services/src/integration_ops/error_task.rs	1
mongodb_bson	services/src/integration_ops/error_task.rs	1
doc_macro	services/src/integration_ops/evidence.rs	1
find_many	services/src/integration_ops/evidence.rs	1
mongodb_bson	services/src/integration_ops/evidence.rs	1
doc_macro	services/src/integration_ops/reconciliation_difference.rs	1
find_many	services/src/integration_ops/reconciliation_difference.rs	1
mongodb_bson	services/src/integration_ops/reconciliation_difference.rs	1
doc_macro	services/src/integration_ops/task_decision.rs	1
find_many	services/src/integration_ops/task_decision.rs	1
mongodb_bson	services/src/integration_ops/task_decision.rs	1
doc_macro	services/src/inventory/mod.rs	12
find_many	services/src/inventory/mod.rs	10
find_many_sorted	services/src/inventory/mod.rs	1
mongodb_bson	services/src/inventory/mod.rs	1
doc_macro	services/src/legacy_import/mod.rs	7
find_many	services/src/legacy_import/mod.rs	1
find_many_sorted	services/src/legacy_import/mod.rs	3
mongodb_bson	services/src/legacy_import/mod.rs	7
doc_macro	services/src/mall_after_sales/mod.rs	1
find_one	services/src/mall_after_sales/mod.rs	1
mongodb_bson	services/src/mall_after_sales/mod.rs	1
doc_macro	services/src/mall_backfill/mod.rs	1
find_many	services/src/mall_backfill/mod.rs	1
find_one_by_field	services/src/mall_backfill/mod.rs	1
mongodb_bson	services/src/mall_backfill/mod.rs	1
doc_macro	services/src/mall_order/receive.rs	1
find_one	services/src/mall_order/receive.rs	1
mongodb_bson	services/src/mall_order/receive.rs	1
doc_macro	services/src/mall_sync/mod.rs	11
find_many_sorted	services/src/mall_sync/mod.rs	4
find_one	services/src/mall_sync/mod.rs	3
mongodb_bson	services/src/mall_sync/mod.rs	1
doc_macro	services/src/party/mod.rs	1
find_many	services/src/party/mod.rs	1
mongodb_bson	services/src/party/mod.rs	2
doc_macro	services/src/payable/cancel_approval.rs	1
find_many	services/src/payable/cancel_approval.rs	1
mongodb_bson	services/src/payable/cancel_approval.rs	1
doc_macro	services/src/procurement_responsibility/resolver.rs	5
find_many	services/src/procurement_responsibility/resolver.rs	5
mongodb_bson	services/src/procurement_responsibility/resolver.rs	1
doc_macro	services/src/procurement_responsibility/service.rs	3
find_many	services/src/procurement_responsibility/service.rs	3
mongodb_bson	services/src/procurement_responsibility/service.rs	1
doc_macro	services/src/publication/mod.rs	4
find_many	services/src/publication/mod.rs	3
find_one	services/src/publication/mod.rs	1
mongodb_bson	services/src/publication/mod.rs	1
doc_macro	services/src/purchase_order/cancel_approval.rs	1
find_many	services/src/purchase_order/cancel_approval.rs	1
mongodb_bson	services/src/purchase_order/cancel_approval.rs	1
doc_macro	services/src/purchase_order/change.rs	5
exists	services/src/purchase_order/change.rs	1
find_many	services/src/purchase_order/change.rs	2
find_many_sorted	services/src/purchase_order/change.rs	1
mongodb_bson	services/src/purchase_order/change.rs	6
raw_document	services/src/purchase_order/change.rs	1
doc_macro	services/src/purchase_order/change_cancel.rs	1
find_many	services/src/purchase_order/change_cancel.rs	1
mongodb_bson	services/src/purchase_order/change_cancel.rs	1
doc_macro	services/src/purchase_order/creation_basis.rs	3
find_many	services/src/purchase_order/creation_basis.rs	2
find_one	services/src/purchase_order/creation_basis.rs	1
mongodb_bson	services/src/purchase_order/creation_basis.rs	1
doc_macro	services/src/purchase_order/formalization.rs	1
find_many	services/src/purchase_order/formalization.rs	1
mongodb_bson	services/src/purchase_order/formalization.rs	1
doc_macro	services/src/purchase_order/query.rs	10
find_many	services/src/purchase_order/query.rs	10
mongodb_bson	services/src/purchase_order/query.rs	10
doc_macro	services/src/purchase_order/review.rs	2
find_many	services/src/purchase_order/review.rs	1
find_one	services/src/purchase_order/review.rs	1
mongodb_bson	services/src/purchase_order/review.rs	2
doc_macro	services/src/purchase_order/submission.rs	2
find_many	services/src/purchase_order/submission.rs	2
mongodb_bson	services/src/purchase_order/submission.rs	2
doc_macro	services/src/receivable/cancel_approval.rs	1
find_many	services/src/receivable/cancel_approval.rs	1
mongodb_bson	services/src/receivable/cancel_approval.rs	1
doc_macro	services/src/receivable/mod.rs	4
find_many	services/src/receivable/mod.rs	4
mongodb_bson	services/src/receivable/mod.rs	1
doc_macro	services/src/returns/cancel_approval.rs	1
find_many	services/src/returns/cancel_approval.rs	1
mongodb_bson	services/src/returns/cancel_approval.rs	1
doc_macro	services/src/sales_order/cancel_approval.rs	1
find_many	services/src/sales_order/cancel_approval.rs	1
mongodb_bson	services/src/sales_order/cancel_approval.rs	1
doc_macro	services/src/sales_order/command.rs	2
find_many	services/src/sales_order/command.rs	2
find_one_by_field	services/src/sales_order/command.rs	1
mongodb_bson	services/src/sales_order/command.rs	2
doc_macro	services/src/sales_order/formalize.rs	2
find_many	services/src/sales_order/formalize.rs	2
mongodb_bson	services/src/sales_order/formalize.rs	2
doc_macro	services/src/sales_order/progress.rs	1
find_many	services/src/sales_order/progress.rs	1
mongodb_bson	services/src/sales_order/progress.rs	1
doc_macro	services/src/sales_order/query.rs	2
find_many	services/src/sales_order/query.rs	2
mongodb_bson	services/src/sales_order/query.rs	2
doc_macro	services/src/sales_review/cancel_approval.rs	1
find_many	services/src/sales_review/cancel_approval.rs	1
mongodb_bson	services/src/sales_review/cancel_approval.rs	1
doc_macro	services/src/sales_review/sales_change_order.rs	3
find_many	services/src/sales_review/sales_change_order.rs	1
find_one	services/src/sales_review/sales_change_order.rs	2
find_one_by_field	services/src/sales_review/sales_change_order.rs	1
mongodb_bson	services/src/sales_review/sales_change_order.rs	3
doc_macro	services/src/supplier/mod.rs	22
find_many	services/src/supplier/mod.rs	6
find_many_sorted	services/src/supplier/mod.rs	8
mongodb_bson	services/src/supplier/mod.rs	1
doc_macro	services/src/supplier/profile.rs	6
find_many	services/src/supplier/profile.rs	9
mongodb_bson	services/src/supplier/profile.rs	1
doc_macro	services/src/supplier_api/governance.rs	1
find_one	services/src/supplier_api/governance.rs	1
mongodb_bson	services/src/supplier_api/governance.rs	1
doc_macro	services/src/supplier_fulfillment/mod.rs	13
find_many	services/src/supplier_fulfillment/mod.rs	5
find_many_sorted	services/src/supplier_fulfillment/mod.rs	4
mongodb_bson	services/src/supplier_fulfillment/mod.rs	1
doc_macro	services/src/supplier_offering/mod.rs	12
find_many	services/src/supplier_offering/mod.rs	12
mongodb_bson	services/src/supplier_offering/mod.rs	1
doc_macro	services/src/supplier_settlement/mod.rs	8
find_many_sorted	services/src/supplier_settlement/mod.rs	4
mongodb_bson	services/src/supplier_settlement/mod.rs	8
doc_macro	services/src/supplier_settlement/source.rs	2
find_many	services/src/supplier_settlement/source.rs	2
mongodb_bson	services/src/supplier_settlement/source.rs	2
doc_macro	services/src/warehouse/mod.rs	2
find_many	services/src/warehouse/mod.rs	2
mongodb_bson	services/src/warehouse/mod.rs	1
doc_macro	services/src/work_item/change_order_brief.rs	4
find_many	services/src/work_item/change_order_brief.rs	4
mongodb_bson	services/src/work_item/change_order_brief.rs	1
doc_macro	services/src/work_item/funds_document_brief.rs	14
find_many	services/src/work_item/funds_document_brief.rs	14
mongodb_bson	services/src/work_item/funds_document_brief.rs	1
doc_macro	services/src/work_item/inventory_settlement_brief.rs	3
find_many	services/src/work_item/inventory_settlement_brief.rs	3
mongodb_bson	services/src/work_item/inventory_settlement_brief.rs	1
doc_macro	services/src/work_item/mod.rs	9
find_many	services/src/work_item/mod.rs	9
mongodb_bson	services/src/work_item/mod.rs	1
doc_macro	services/src/work_item/party_names.rs	1
find_many	services/src/work_item/party_names.rs	1
mongodb_bson	services/src/work_item/party_names.rs	1
doc_macro	services/src/work_item/purchase_review_brief.rs	3
find_many	services/src/work_item/purchase_review_brief.rs	3
mongodb_bson	services/src/work_item/purchase_review_brief.rs	1
doc_macro	services/src/work_item/sales_order_brief.rs	2
find_many	services/src/work_item/sales_order_brief.rs	2
mongodb_bson	services/src/work_item/sales_order_brief.rs	1
